Country,Code,year,Population,GDP,GDP_growth,Life_expectancy,TF
Argentina,ARG,1963,21630854,18.27212366,-5.308196829,65.50939024,0
Argentina,ARG,1967,22941477,24.25666756,3.191996625,65.93002439,0
Argentina,ARG,1962,21295290,24.45060488,-0.852021492,65.43260976,0
Argentina,ARG,1964,21963952,25.60524938,10.13029763,65.58241463,0
Argentina,ARG,1968,23269302,26.43685725,4.822500792,66.1134878,0
Argentina,ARG,1965,22293817,28.34470597,10.56943335,65.66868293,0
Argentina,ARG,1966,22618887,28.63047473,-0.659726175,65.7822439,0
Argentina,ARG,1969,23612675,31.25628455,9.679525991,66.33509756,0
Argentina,ARG,1970,23978532,31.58421037,3.045643341,66.59082927,0
Argentina,ARG,1971,24370660,33.2931991,5.658131081,66.87312195,0
Argentina,ARG,1972,24785830,34.73300054,1.628416499,67.16795122,0
Argentina,ARG,1976,26483835,51.16949989,-2.018251533,68.33670732,0
Argentina,ARG,1975,26070443,52.43864792,-0.028412088,68.04795122,0
Argentina,ARG,1973,25215328,52.54400012,2.81175404,67.46531707,0
Argentina,ARG,1977,26889764,56.7810001,6.934147763,68.62943902,0
Argentina,ARG,1978,27293093,58.08287016,-4.506124798,68.92663415,0
Argentina,ARG,1979,27701412,69.25232895,10.22276345,69.22431707,0
Argentina,ARG,1974,25646533,72.43677734,5.533804401,67.75865854,0
Argentina,ARG,1989,32170407,76.63689804,-7.496189573,71.33753659,0
Argentina,ARG,1980,28120135,76.96192374,4.15176235,69.5144878,0
Argentina,ARG,1981,28550123,78.67684237,-5.689528,69.78665854,0
Argentina,ARG,1984,29886564,79.092002,2.211773504,70.45419512,0
Argentina,ARG,1982,28989069,84.30748684,-4.957178519,70.03531707,0
Argentina,ARG,1985,30340419,88.4166689,-7.58667719,70.63139024,0
Argentina,ARG,2002,37627545,102,-10.89448482,74.15878049,0
Argentina,ARG,1983,29435404,104,3.875123433,70.257,0
Argentina,ARG,1986,30796481,111,7.875779831,70.79907317,0
Argentina,ARG,1987,31254574,111,2.909993136,70.9677561,0
Argentina,ARG,1988,31713147,126,-2.556904885,71.14590244,0
Argentina,ARG,2003,37970411,130,8.837040783,74.35995122,0
Argentina,ARG,1990,32624874,141,-2.398959224,71.54365854,0
Argentina,ARG,2004,38308779,153,9.029573322,74.55773171,0
Argentina,ARG,2005,38647854,183,9.178950217,74.75165854,0
Argentina,ARG,1991,33075194,190,12.6697101,71.76329268,0
Argentina,ARG,2006,38988923,214,8.466062712,74.94121951,0
Argentina,ARG,1992,33520803,229,11.94077473,71.98895122,0
Argentina,ARG,1993,33961947,237,5.906919494,72.21565854,0
Argentina,ARG,1994,34399343,257,5.836200697,72.44139024,0
Argentina,ARG,1995,34833168,258,-2.845209611,72.66460976,0
Argentina,ARG,2007,39331357,261,8.653336846,75.12690244,0
Argentina,ARG,2001,37273361,269,-4.408839698,73.95368293,0
Argentina,ARG,1996,35264070,272,5.526689828,72.88531707,0
Argentina,ARG,1999,36514558,284,-3.385457053,73.53412195,0
Argentina,ARG,2000,36903067,284,-0.788998922,73.74565854,0
Argentina,ARG,1997,35690778,293,8.111046758,73.10397561,0
Argentina,ARG,1998,36109342,299,3.850178869,73.32007317,0
Argentina,ARG,2009,40023641,307,0.850241476,75.48709756,0
Argentina,ARG,2008,39676083,327,6.75843942,75.30819512,0
Argentina,ARG,2010,40374224,369,9.160916925,75.66356098,0
Argentina,ARG,2011,40728738,446,8.869553907,75.83860976,0
Argentina,ARG,2012,41086927,476,1.899578109,76.01268293,0
Argentina,ARG,1961,20959241,#VALUE!,5.427842872,65.3385122,0
"Bahamas, The",BHS,1961,115108,0.190096177,10.66709879,63.0725122,0
"Bahamas, The",BHS,1962,121083,0.212252822,10.45197086,63.40802439,0
"Bahamas, The",BHS,1963,127331,0.237742769,10.52405825,63.73704878,0
"Bahamas, The",BHS,1964,133697,0.266664054,10.50156613,64.05909756,0
"Bahamas, The",BHS,1965,140049,0.300392163,10.42559636,64.37468293,0
"Bahamas, The",BHS,1966,146364,0.340000006,9.071928067,64.68378049,0
"Bahamas, The",BHS,1967,152607,0.390196086,9.598116159,64.98739024,0
"Bahamas, The",BHS,1968,158629,0.444901969,8.42176423,65.28502439,0
"Bahamas, The",BHS,1969,164250,0.528137296,8.981661051,65.57668293,0
"Bahamas, The",BHS,1970,169356,0.5384232,-5.649649859,65.86385366,0
"Bahamas, The",BHS,1971,173867,0.5734,1.62650988,66.14556098,0
"Bahamas, The",BHS,1972,177844,0.590899968,-3.497336204,66.42226829,0
"Bahamas, The",BHS,1975,188882,0.5962,-14.80312426,67.22002439,0
"Bahamas, The",BHS,1974,185097,0.6324,-16.75422933,66.9587561,0
"Bahamas, The",BHS,1976,192905,0.642099968,5.185185185,67.47631707,0
"Bahamas, The",BHS,1973,181489,0.670899968,7.567567568,66.693,0
"Bahamas, The",BHS,1977,197118,0.713,9.154929577,67.72812195,0
"Bahamas, The",BHS,1978,201511,0.8324,14.17951865,67.97495122,0
"Bahamas, The",BHS,1979,206038,1.139800064,26.13929595,68.21878049,0
"Bahamas, The",BHS,1980,210660,1.335299968,6.495280366,68.45860976,0
"Bahamas, The",BHS,1981,215404,1.426499968,-9.226405267,68.69541463,0
"Bahamas, The",BHS,1982,220274,1.578300032,6.698898545,68.92968293,0
"Bahamas, The",BHS,1983,225184,1.7328,3.59705136,69.16046341,0
"Bahamas, The",BHS,1984,230014,2.041100032,14.17115069,69.3872439,0
"Bahamas, The",BHS,1985,234684,2.320699904,4.829180077,69.61060976,0
"Bahamas, The",BHS,1986,239135,2.472499968,1.796999968,69.82909756,0
"Bahamas, The",BHS,1987,243397,2.713999872,2.984518884,70.04278049,0
"Bahamas, The",BHS,1988,247585,2.817900032,2.309708309,70.24965854,0
"Bahamas, The",BHS,1989,251863,3.062,6.727328385,70.44778049,0
"Bahamas, The",BHS,1993,271105,3.092,0.307806453,71.04814634,0
"Bahamas, The",BHS,1992,266097,3.109,-3.825582741,70.92963415,0
"Bahamas, The",BHS,1991,261102,3.11116,-4.181783464,70.79180488,0
"Bahamas, The",BHS,1990,256338,3.166,-1.596249254,70.63065854,0
"Bahamas, The",BHS,1994,275820,3.259,3.148916321,71.15480488,0
"Bahamas, The",BHS,1995,280050,3.429,4.378750977,71.26256098,0
"Bahamas, The",BHS,1996,283678,3.609,4.223530213,71.39043902,0
"Bahamas, The",BHS,1997,286845,4.961119,2.062240199,71.54987805,0
"Bahamas, The",BHS,1998,289926,5.353524,4.716473825,71.74787805,0
"Bahamas, The",BHS,1999,293442,6.019972,7.144129932,71.98436585,0
"Bahamas, The",BHS,2000,297759,6.327552,4.1492464,72.25429268,0
"Bahamas, The",BHS,2001,303005,6.516651,2.625627121,72.54509756,0
"Bahamas, The",BHS,2003,315624,6.949317,-1.264744629,73.12729268,0
"Bahamas, The",BHS,2002,309039,6.957996,2.704629513,72.84126829,0
"Bahamas, The",BHS,2004,322400,7.094413,0.882884233,73.39465854,0
"Bahamas, The",BHS,2005,329088,7.706222,3.39529267,73.63887805,0
"Bahamas, The",BHS,2009,354492,7.82042,-4.175259175,74.42390244,0
"Bahamas, The",BHS,2011,366331,7.872584,1.659385056,74.75490244,0
"Bahamas, The",BHS,2010,360498,7.888087,0.987986326,74.59239024,0
"Bahamas, The",BHS,2006,335622,7.965588,2.516863841,73.85895122,0
"Bahamas, The",BHS,2012,371960,8.149004,1.832171744,74.91446341,0
"Bahamas, The",BHS,2008,348340,8.24665,-2.323937248,74.24743902,0
"Bahamas, The",BHS,2007,342049,8.318996,1.446522215,74.05946341,0
Barbados,BRB,1961,231599,0.093216432,7.696529798,61.22963415,0
Barbados,BRB,1962,232514,0.096949756,9.060758599,61.68163415,0
Barbados,BRB,1964,234478,0.108383061,5.004875747,62.55309756,0
Barbados,BRB,1963,233520,0.109083059,-5.078421075,62.12260976,0
Barbados,BRB,1965,235294,0.114683045,11.4348435,62.97307317,0
Barbados,BRB,1966,235936,0.123608023,4.00337126,63.38253659,0
Barbados,BRB,1967,236466,0.13710373,10.63613614,63.7825122,0
Barbados,BRB,1968,236997,0.1373,6.921821318,64.1724878,0
Barbados,BRB,1969,237680,0.1544,7.518404794,64.55446341,0
Barbados,BRB,1970,238616,0.1815,9.509402995,64.92743902,0
Barbados,BRB,1971,239864,0.204010329,3.912722436,65.29141463,0
Barbados,BRB,1972,241367,0.23338364,1.273800672,65.64787805,0
Barbados,BRB,1973,242971,0.284759098,1.340700424,65.99585366,0
Barbados,BRB,1974,244453,0.340492904,-4.650841244,66.33731707,0
Barbados,BRB,1975,245663,0.402158286,4.005149295,66.67026829,0
Barbados,BRB,1976,246536,0.435871862,-0.082528397,66.99621951,0
Barbados,BRB,1977,247136,0.495116619,4.377159725,67.31414634,0
Barbados,BRB,1978,247592,0.552876225,6.132133198,67.62507317,0
Barbados,BRB,1979,248095,0.670312672,7.666497018,67.92897561,0
Barbados,BRB,1980,248784,0.860438453,4.73168673,68.22587805,0
Barbados,BRB,1981,249696,0.946949725,-3.206614983,68.51629268,0
Barbados,BRB,1982,250780,0.989409792,-5.009107468,68.80070732,0
Barbados,BRB,1983,251979,1.050464828,0.17977373,69.07960976,0
Barbados,BRB,1984,253193,1.144931026,3.361642173,69.35202439,0
Barbados,BRB,1985,254354,1.198180246,0.509259259,69.61895122,0
Barbados,BRB,1986,255450,1.315567053,9.431141409,69.88136585,0
Barbados,BRB,1987,256500,1.448665028,1.020726894,70.13780488,0
Barbados,BRB,1988,257497,1.540893883,6.25,70.38870732,0
Barbados,BRB,1989,258443,1.703922715,5.039215686,70.63412195,0
Barbados,BRB,1992,260963,1.9509,-4.978795395,71.33934146,0
Barbados,BRB,1991,260175,2.007109743,-2.912053247,71.10943902,0
Barbados,BRB,1990,259336,2.023318164,-4.806791861,70.87453659,0
Barbados,BRB,1993,261714,2.046188943,0.988418782,71.5642439,0
Barbados,BRB,1994,262441,2.151295089,3.974816249,71.78514634,0
Barbados,BRB,1995,263165,2.261969772,1.490133032,72.00104878,0
Barbados,BRB,1996,263884,2.411872814,1.834015519,72.21243902,0
Barbados,BRB,1997,264606,2.549296365,6.394727115,72.41982927,0
Barbados,BRB,1998,265370,2.874459181,4.11236353,72.62373171,0
Barbados,BRB,1999,266220,3.012031889,2.592656313,72.82360976,0
Barbados,BRB,2001,268296,3.11235,-2.550184351,73.21287805,0
Barbados,BRB,2000,267190,3.1195,2.3,73.0194878,0
Barbados,BRB,2002,269524,3.1686,0.672622176,73.4017561,0
Barbados,BRB,2003,270844,3.2712,1.973066082,73.58765854,0
Barbados,BRB,2004,272205,3.5097,1.433251433,73.77004878,0
Barbados,BRB,2005,273568,3.8915,3.996770287,73.94895122,0
Barbados,BRB,2012,283221,4.22485,0.00929368,75.13202439,0
Barbados,BRB,2006,274923,4.31405,5.706521739,74.12482927,0
Barbados,BRB,2011,281804,4.3689,0.758497987,74.96714634,0
Barbados,BRB,2010,280396,4.4337,0.253473526,74.80178049,0
Barbados,BRB,2007,276277,4.51325,1.670951157,74.29721951,0
Barbados,BRB,2008,277634,4.54155,0.343146108,74.46758537,0
Barbados,BRB,2009,279006,4.59265,-4.139668826,74.63543902,0
Belize,BLZ,1961,94701,0.029965035,4.892276993,60.51278049,0
Belize,BLZ,1962,97389,0.031857563,4.892658575,61.07434146,0
Belize,BLZ,1963,100166,0.033750091,4.956423171,61.64604878,0
Belize,BLZ,1964,103070,0.036194611,4.9998659,62.22482927,0
Belize,BLZ,1965,106121,0.040069932,4.930533994,62.80612195,0
Belize,BLZ,1966,109344,0.044405596,4.770873316,63.38534146,0
Belize,BLZ,1968,116061,0.044910181,7.367218238,64.50770732,0
Belize,BLZ,1969,119260,0.04730539,5.106383948,65.03919512,0
Belize,BLZ,1967,112699,0.047379309,4.913124555,63.95439024,0
Belize,BLZ,1970,122179,0.053233534,4.807692871,65.54626829,0
Belize,BLZ,1971,124792,0.059207318,3.959442092,66.02631707,0
Belize,BLZ,1972,127148,0.066062499,10.21829871,66.48090244,0
Belize,BLZ,1973,129294,0.078343559,5.351874273,66.91209756,0
Belize,BLZ,1976,135145,0.096905829,-0.034006186,68.10209756,0
Belize,BLZ,1974,131306,0.103216372,13.55999616,67.324,0
Belize,BLZ,1977,136991,0.11765,6.496595744,68.47814634,0
Belize,BLZ,1975,133261,0.118066302,3.592820475,67.7187561,0
Belize,BLZ,1978,138972,0.1363,7.920797204,68.84702439,0
Belize,BLZ,1979,141308,0.1518,7.517015518,69.2087561,0
Belize,BLZ,1982,151498,0.17925,-0.283154178,70.26426829,0
Belize,BLZ,1983,155820,0.189,-2.106015231,70.58926829,0
Belize,BLZ,1981,147566,0.1929,1.29063344,69.9197561,0
Belize,BLZ,1980,144151,0.19475,15.16653087,69.56636585,0
Belize,BLZ,1985,164916,0.20915,1.066854714,71.12692683,0
Belize,BLZ,1984,160342,0.2109,1.957944359,70.88317073,0
Belize,BLZ,1986,169547,0.22785,4.574247496,71.29853659,0
Belize,BLZ,1987,174250,0.276550016,11.21578844,71.38802439,0
Belize,BLZ,1988,178906,0.3149,9.237592471,71.39436585,0
Belize,BLZ,1989,183368,0.363150016,13.09084029,71.323,0
Belize,BLZ,1990,187552,0.413049984,10.62857555,71.1812439,0
Belize,BLZ,1991,191368,0.444720727,10.49704514,70.98195122,0
Belize,BLZ,1992,194894,0.518143679,12.03575736,70.75004878,0
Belize,BLZ,1993,198420,0.559759653,6.276565634,70.51660976,0
Belize,BLZ,1994,202348,0.580760211,0.157937823,70.3047561,0
Belize,BLZ,1995,206962,0.620031772,0.643967584,70.14468293,0
Belize,BLZ,1996,212375,0.641271333,1.428722652,70.06214634,0
Belize,BLZ,1997,218484,0.654198121,3.545183788,70.06192683,0
Belize,BLZ,1998,225083,0.688872473,3.740955126,70.14378049,0
Belize,BLZ,1999,231860,0.732607994,8.780368083,70.30639024,0
Belize,BLZ,2000,238586,0.83175,13.03876739,70.53904878,0
Belize,BLZ,2001,245198,0.871840755,5.015663395,70.82443902,0
Belize,BLZ,2002,251766,0.932676403,5.118559327,71.13695122,0
Belize,BLZ,2003,258346,0.99035,9.329244616,71.45339024,0
Belize,BLZ,2004,265040,1.05785,4.648090814,71.7594878,0
Belize,BLZ,2005,271920,1.1142,2.971324708,72.04631707,0
Belize,BLZ,2006,278985,1.21745,4.697440177,72.31236585,0
Belize,BLZ,2007,286196,1.29055,1.210359832,72.56373171,0
Belize,BLZ,2009,301016,1.3385,0.297118665,73.0432439,0
Belize,BLZ,2008,293544,1.3696,3.848875782,72.80770732,0
Belize,BLZ,2010,308595,1.3979,3.880725327,73.2704878,0
Belize,BLZ,2011,316280,1.4931,2.342241049,73.48780488,0
Belize,BLZ,2012,324060,#VALUE!,5.286334027,73.69914634,0
Bolivia,BOL,1961,3428270,0.612518907,2.07998367,42.97687805,0
Bolivia,BOL,1962,3505427,0.66972254,5.570224684,43.28914634,0
Bolivia,BOL,1963,3584782,0.72114296,6.420701221,43.60341463,0
Bolivia,BOL,1964,3666584,0.812543074,4.794559731,43.92117073,0
Bolivia,BOL,1965,3751047,0.908874536,5.62501857,44.23641463,0
Bolivia,BOL,1968,4020815,0.908874536,-12.16902788,45.13641463,0
Bolivia,BOL,1969,4117153,0.964615703,3.096013144,45.43956098,0
Bolivia,BOL,1966,3838156,0.994044553,6.497295789,44.54312195,0
Bolivia,BOL,1970,4217248,1.017171717,-0.494821089,45.76626829,0
Bolivia,BOL,1967,3927961,1.084059818,6.908867793,44.84078049,0
Bolivia,BOL,1971,4321324,1.095454545,5.063336435,46.13563415,0
Bolivia,BOL,1972,4429194,1.257615645,7.967485213,46.56017073,0
Bolivia,BOL,1973,4540197,1.263018491,5.739161523,47.05041463,0
Bolivia,BOL,1974,4653409,2.100249875,2.939567816,47.60787805,0
Bolivia,BOL,1975,4768177,2.404697651,7.311017727,48.23297561,0
Bolivia,BOL,1976,4884284,2.732083958,4.614567486,48.92019512,0
Bolivia,BOL,1977,5001971,3.227436282,4.971215655,49.65292683,0
Bolivia,BOL,1978,5121608,3.75822089,2.052694572,50.41363415,0
Bolivia,BOL,1986,6184440,3.959379488,-2.573877379,56.36504878,0
Bolivia,BOL,1987,6331219,4.347956299,2.463479559,57.01036585,0
Bolivia,BOL,1979,5243771,4.421343606,0.133344044,51.18980488,0
Bolivia,BOL,1980,5368901,4.537487843,-1.371772908,51.96843902,0
Bolivia,BOL,1988,6481463,4.597615563,2.909505435,57.6295122,0
Bolivia,BOL,1989,6635658,4.715978868,3.790128399,58.21943902,0
Bolivia,BOL,1990,6794046,4.86758262,4.635787902,58.77858537,0
Bolivia,BOL,1991,6956736,5.343259389,5.266522073,59.30241463,0
Bolivia,BOL,1985,6040757,5.377277407,-1.676387517,55.69212195,0
Bolivia,BOL,1983,5762673,5.422656262,-4.0421214,54.26021951,0
Bolivia,BOL,1982,5628347,5.594118401,-3.938737928,53.50836585,0
Bolivia,BOL,1992,7123294,5.643864408,1.646500041,59.79297561,0
Bolivia,BOL,1993,7292745,5.734703452,4.269295333,60.25178049,0
Bolivia,BOL,1981,5497112,5.891606678,0.275616374,52.74312195,0
Bolivia,BOL,1994,7463773,5.981218997,4.667266268,60.68290244,0
Bolivia,BOL,1984,5900127,6.169481549,-0.200671851,54.98965854,0
Bolivia,BOL,1995,7635362,6.715164551,4.678276905,61.09087805,0
Bolivia,BOL,1996,7806953,7.396952081,4.361340311,61.48029268,0
Bolivia,BOL,2002,8843350,7.905485216,2.485565815,63.67160976,0
Bolivia,BOL,1997,7978521,7.925733786,4.954208776,61.85721951,0
Bolivia,BOL,2003,9016787,8.082396526,2.711339832,64.02026829,0
Bolivia,BOL,2001,8669066,8.141513292,1.683799034,63.31553659,0
Bolivia,BOL,1999,8322408,8.285061618,0.426885364,62.59182927,0
Bolivia,BOL,2000,8495271,8.397858185,2.507810988,62.95460976,0
Bolivia,BOL,1998,8150214,8.497499333,5.029354636,62.22621951,0
Bolivia,BOL,2004,9187610,8.773451739,4.173295561,64.3635122,0
Bolivia,BOL,2005,9354709,9.549196256,4.4214331,64.70078049,0
Bolivia,BOL,2006,9517395,11.45184534,4.797008739,65.03309756,0
Bolivia,BOL,2007,9676456,13.12010769,4.564384483,65.36190244,0
Bolivia,BOL,2008,9834098,16.67427695,6.14849781,65.68570732,0
Bolivia,BOL,2009,9993406,17.33999217,3.35699943,66.00546341,0
Bolivia,BOL,2010,10156601,19.64972466,4.126722747,66.31970732,0
Bolivia,BOL,2011,10324445,23.94867062,5.173930422,66.62692683,0
Bolivia,BOL,2012,10496285,27.03511013,5.176430946,66.92663415,0
Chile,CHL,1961,7845746,4.7053775,4.049930947,57.40868293,1
Chile,CHL,1963,8251999,5.482749434,6.116564835,58.2695122,1
Chile,CHL,1962,8047690,5.502763243,5.193079542,57.8245122,1
Chile,CHL,1964,8455039,5.794301527,2.667871666,58.74370732,1
Chile,CHL,1965,8654071,6.053790468,0.417175016,59.24407317,1
Chile,CHL,1967,9036236,6.913560997,3.640783319,60.30331707,1
Chile,CHL,1966,8847757,7.013580346,10.00160606,59.76512195,1
Chile,CHL,1968,9220119,7.074820186,3.751679076,60.85560976,1
Chile,CHL,1975,10426432,7.226476865,-11.36278013,65.32280488,1
Chile,CHL,1969,9400705,8.179771226,3.471317248,61.421,1
Chile,CHL,1970,9578923,8.981111664,2.122519603,62.00443902,1
Chile,CHL,1976,10580399,9.857547849,3.406383573,66.06556098,1
Chile,CHL,1971,9755352,10.69456952,9.017964832,62.61236585,1
Chile,CHL,1972,9929560,11.53251786,-0.819195515,63.24778049,1
Chile,CHL,1977,10729757,13.35914545,8.697440297,66.82380488,1
Chile,CHL,1978,10878343,15.39943131,7.462926811,67.58458537,1
Chile,CHL,1974,10266278,15.53554971,2.493844515,64.605,1
Chile,CHL,1973,10100403,16.38745442,-4.941100699,63.91314634,1
Chile,CHL,1985,12126956,16.48601225,7.119228429,71.8182439,1
Chile,CHL,1986,12331704,17.72253667,5.5963533,72.2025122,1
Chile,CHL,1984,11926647,19.23273706,7.973341573,71.38670732,1
Chile,CHL,1983,11731654,19.77040208,-3.786572328,70.89643902,1
Chile,CHL,1979,11031280,20.72977221,8.682319916,68.33546341,1
Chile,CHL,1987,12541298,20.90209653,6.594214893,72.55587805,1
Chile,CHL,1982,11543263,24.33942161,-10.32323245,70.3434878,1
Chile,CHL,1988,12757095,24.64091262,7.311201451,72.8932439,1
Chile,CHL,1980,11192384,27.5723076,8.148606529,69.0555122,1
Chile,CHL,1989,12981032,28.3850384,10.56032523,73.22253659,1
Chile,CHL,1990,13213930,31.55892752,3.697579901,73.54514634,1
Chile,CHL,1981,11363219,32.64487298,4.737311069,69.72834146,1
Chile,CHL,1991,13456476,36.42416815,7.969988372,73.85797561,1
Chile,CHL,1992,13706485,44.46794638,12.27793063,74.15502439,1
Chile,CHL,1993,13958378,47.69399263,6.986286682,74.43678049,1
Chile,CHL,1994,14204726,55.15422676,5.708119098,74.70929268,1
Chile,CHL,2002,15819522,70.98456843,2.166908634,77.4615122,1
Chile,CHL,1995,14440103,71.34920231,10.62757722,74.98660976,1
Chile,CHL,2001,15639289,72.33697232,3.348180391,77.13104878,1
Chile,CHL,1999,15265536,72.99528676,-0.760854812,76.36612195,1
Chile,CHL,1996,14662323,75.76900817,7.413491523,75.28680488,1
Chile,CHL,2003,15995658,77.84018639,3.956748481,77.73792683,1
Chile,CHL,2000,15454402,79.32864026,4.495791884,76.75856098,1
Chile,CHL,1998,15072409,79.37359708,3.230878709,75.97926829,1
Chile,CHL,1997,14872458,82.80898619,6.605579633,75.6175122,1
Chile,CHL,2004,16168241,101,6.041086739,77.95980488,1
Chile,CHL,2005,16337749,124,5.559452531,78.13721951,1
Chile,CHL,2006,16504530,155,4.40497269,78.2897561,1
Chile,CHL,2009,16991729,172,-1.036433056,78.81858537,1
Chile,CHL,2007,16668892,173,5.1608256,78.44297561,1
Chile,CHL,2008,16831184,180,3.292455989,78.61741463,1
Chile,CHL,2010,17150760,218,5.762972706,79.05046341,1
Chile,CHL,2011,17308449,251,5.850679215,79.3065122,1
Chile,CHL,2012,17464814,270,5.55537004,79.57265854,1
Colombia,COL,1961,16488996,4.552914126,5.265372382,57.24773171,0
Colombia,COL,1963,17497712,4.838841458,2.904114678,58.2007561,0
Colombia,COL,1962,16986307,4.968598035,5.466500282,57.73921951,0
Colombia,COL,1966,19108959,5.452762963,5.32236813,59.46334146,0
Colombia,COL,1967,19669838,5.72720818,4.190635447,59.84021951,0
Colombia,COL,1965,18559236,5.790247619,3.012487197,59.06217073,0
Colombia,COL,1968,20234946,5.918467519,6.427444336,60.19578049,0
Colombia,COL,1964,18022435,5.992169472,6.602341595,58.64126829,0
Colombia,COL,1969,20795270,6.4054402,6.520935067,60.53704878,0
Colombia,COL,1970,21344781,7.198373469,6.956515099,60.87319512,0
Colombia,COL,1971,21880185,7.820367893,5.951223099,61.21139024,0
Colombia,COL,1972,22404289,8.671371951,7.673414682,61.56078049,0
Colombia,COL,1973,22924755,10.31577459,6.72748176,61.92839024,0
Colombia,COL,1974,23452703,12.37004541,5.742522109,62.32160976,0
Colombia,COL,1975,23996249,13.0986339,2.248047059,62.75214634,0
Colombia,COL,1976,24557647,15.34140366,4.817187269,63.23212195,0
Colombia,COL,1977,25134640,19.47097827,4.148013439,63.75826829,0
Colombia,COL,1978,25725336,23.26351196,8.463449999,64.31897561,0
Colombia,COL,1979,26326236,27.94038936,5.382853373,64.90034146,0
Colombia,COL,1980,26934591,33.4007121,4.098199161,65.47817073,0
Colombia,COL,1985,30076525,34.89441953,3.088264652,67.57429268,0
Colombia,COL,1986,30718127,34.94248369,5.83829241,67.77680488,0
Colombia,COL,1987,31362479,36.37331208,5.371506806,67.92919512,0
Colombia,COL,1981,27550172,36.38838913,2.263216774,66.02492683,0
Colombia,COL,1984,29438030,38.25312074,3.355101016,67.29953659,0
Colombia,COL,1983,28803276,38.72982278,1.584376304,66.94692683,0
Colombia,COL,1982,28173493,38.96801945,0.948480319,66.52007317,0
Colombia,COL,1988,32009024,39.21254568,4.059821002,68.05473171,0
Colombia,COL,1989,32657292,39.54008365,3.417426656,68.17097561,0
Colombia,COL,1990,33306941,40.2742046,6.042038478,68.29719512,0
Colombia,COL,1991,33957286,41.23955138,2.277231497,68.45131707,0
Colombia,COL,1992,34608171,49.27958536,5.032677497,68.64021951,0
Colombia,COL,1993,35260456,55.8025401,2.365650574,68.86563415,0
Colombia,COL,1994,35915434,81.7034966,5.835811494,69.12958537,0
Colombia,COL,1999,39234115,86.18615658,-4.204015244,70.69956098,0
Colombia,COL,1995,36573895,92.5072778,5.202437593,69.42692683,0
Colombia,COL,2003,41872051,94.68458257,3.918271904,71.771,0
Colombia,COL,1996,37236124,97.16011157,2.055854712,69.74736585,0
Colombia,COL,2002,41216304,97.93339236,2.503980465,71.51729268,0
Colombia,COL,2001,40558648,98.20354497,1.677898308,71.25790244,0
Colombia,COL,1998,38568056,98.44374319,0.56978409,70.39395122,0
Colombia,COL,2000,39897984,99.88657758,4.419993,70.98721951,0
Colombia,COL,1997,37901358,107,3.430293678,70.0744878,0
Colombia,COL,2004,42527623,117,5.333022067,72.01860976,0
Colombia,COL,2005,43184026,147,4.706555934,72.26060976,0
Colombia,COL,2006,43841370,163,6.697515258,72.49558537,0
Colombia,COL,2007,44498390,208,6.900627655,72.72304878,0
Colombia,COL,2009,45802561,234,1.651549245,73.15807317,0
Colombia,COL,2008,45153037,244,3.546804886,72.94353659,0
Colombia,COL,2010,46444798,287,3.971800705,73.36768293,0
Colombia,COL,2011,47078792,337,6.645328887,73.57385366,0
Colombia,COL,2012,47704427,370,4.21297881,73.77707317,0
Costa Rica,CRI,1962,1431088,0.479181227,8.148320027,62.74090244,0
Costa Rica,CRI,1961,1381532,0.490324267,-0.955940459,62.17770732,0
Costa Rica,CRI,1963,1481890,0.511902567,4.784711557,63.29387805,0
Costa Rica,CRI,1964,1532828,0.542578823,4.14905212,63.83617073,0
Costa Rica,CRI,1965,1583078,0.592981156,9.829617287,64.36478049,0
Costa Rica,CRI,1966,1632500,0.647305631,7.870708087,64.87773171,0
Costa Rica,CRI,1967,1681241,0.699456618,5.650125921,65.37656098,0
Costa Rica,CRI,1968,1729135,0.7738415,8.385017768,65.86536585,0
Costa Rica,CRI,1969,1776076,0.853630203,5.577729809,66.35019512,0
Costa Rica,CRI,1970,1822106,0.98483016,7.503134343,66.83860976,0
Costa Rica,CRI,1971,1867044,1.077152887,6.778505427,67.33965854,0
Costa Rica,CRI,1972,1911212,1.238251658,8.178045133,67.85885366,0
Costa Rica,CRI,1973,1955790,1.528916175,7.708915812,68.39973171,0
Costa Rica,CRI,1974,2002358,1.666544795,5.54489999,68.96129268,0
Costa Rica,CRI,1975,2052076,1.960863536,2.10007105,69.54404878,0
Costa Rica,CRI,1976,2105377,2.412555508,5.517564403,70.1474878,0
Costa Rica,CRI,1982,2483355,2.606621245,-7.285568847,73.52507317,0
Costa Rica,CRI,1981,2414832,2.623807083,-2.261655507,73.05521951,0
Costa Rica,CRI,1977,2162047,3.072427125,8.904474432,70.76007317,0
Costa Rica,CRI,1978,2221800,3.523208934,6.267686825,71.37078049,0
Costa Rica,CRI,1983,2553714,3.976453955,2.862992702,73.94041463,0
Costa Rica,CRI,1979,2284076,4.035519472,4.939123955,71.96704878,0
Costa Rica,CRI,1984,2625561,4.593908762,6.201703583,74.3002439,0
Costa Rica,CRI,1985,2698616,4.796628462,1.041412257,74.60704878,0
Costa Rica,CRI,1980,2348427,4.831447173,0.751895403,72.53287805,0
Costa Rica,CRI,1986,2772823,5.477895476,5.784949502,74.86985366,0
Costa Rica,CRI,1987,2848141,5.841132961,6.875439671,75.10165854,0
Costa Rica,CRI,1988,2924348,6.063759371,3.819392956,75.31597561,0
Costa Rica,CRI,1989,3001196,6.866402028,5.065672853,75.52231707,0
Costa Rica,CRI,1991,3155979,7.162546761,2.571919971,75.93356098,0
Costa Rica,CRI,1990,3078551,7.403457319,3.904917803,75.72668293,0
Costa Rica,CRI,1992,3233568,8.57361105,9.15201618,76.14195122,0
Costa Rica,CRI,1993,3312307,9.638291587,7.413680559,76.35034146,0
Costa Rica,CRI,1994,3393575,10.55753065,4.729601446,76.55873171,0
Costa Rica,CRI,1995,3478197,11.72235707,3.920889571,76.76760976,0
Costa Rica,CRI,1996,3566605,11.84322854,0.886582088,76.9754878,0
Costa Rica,CRI,1997,3658020,12.82897592,5.578186399,77.17736585,0
Costa Rica,CRI,1998,3750585,14.10175357,8.397847841,77.3732439,0
Costa Rica,CRI,1999,3841734,15.79656714,8.222200687,77.55912195,0
Costa Rica,CRI,2000,3929588,15.9464431,1.8008246,77.7344878,0
Costa Rica,CRI,2001,4013488,16.40360294,1.076396317,77.89580488,0
Costa Rica,CRI,2002,4093840,16.84437858,2.902185091,78.04409756,0
Costa Rica,CRI,2003,4171145,17.51753602,6.404510783,78.18239024,0
Costa Rica,CRI,2004,4246336,18.59636593,4.259452774,78.31417073,0
Costa Rica,CRI,2005,4320130,19.96489381,5.886377313,78.44602439,0
Costa Rica,CRI,2006,4392493,22.52646441,8.779640959,78.5845122,0
Costa Rica,CRI,2007,4463226,26.32199961,7.935340515,78.73465854,0
Costa Rica,CRI,2009,4601424,29.38259014,-1.015718862,79.0825122,0
Costa Rica,CRI,2008,4532711,29.83116493,2.731620422,78.9004878,0
Costa Rica,CRI,2010,4669685,36.29832762,4.954320527,79.27970732,0
Costa Rica,CRI,2011,4737680,41.03224503,4.434603903,79.48956098,0
Costa Rica,CRI,2012,4805295,45.10396369,5.12899505,79.70502439,0
Dominican Republic,DOM,1961,3424702,0.65410016,-2.313248512,52.5782439,0
Dominican Republic,DOM,1962,3540319,0.824099968,17.04724072,53.2992439,0
Dominican Republic,DOM,1965,3899504,0.888099968,-12.48183398,55.37882927,0
Dominican Republic,DOM,1963,3658264,0.940799872,6.502902855,54.00678049,0
Dominican Republic,DOM,1966,4022212,0.983900032,13.46334475,56.04426829,0
Dominican Republic,DOM,1964,3778110,1.025599872,6.764865095,54.70031707,0
Dominican Republic,DOM,1967,4146104,1.0348,3.327542292,56.69509756,0
Dominican Republic,DOM,1968,4271065,1.079100032,0.238860413,57.33034146,0
Dominican Republic,DOM,1969,4397027,1.230499968,10.89144599,57.9465122,0
Dominican Republic,DOM,1970,4523917,1.485400064,18.22668279,58.53968293,0
Dominican Republic,DOM,1971,4651703,1.6664,10.87146616,59.10490244,0
Dominican Republic,DOM,1972,4780283,1.987299968,10.39416404,59.63926829,0
Dominican Republic,DOM,1973,4909454,2.344699904,12.89576373,60.14326829,0
Dominican Republic,DOM,1974,5038976,2.9256,6.001902861,60.61692683,0
Dominican Republic,DOM,1975,5168720,3.599300096,5.193253366,61.06219512,0
Dominican Republic,DOM,1976,5298530,3.951399936,6.728122679,61.48104878,0
Dominican Republic,DOM,1977,5428547,4.58710016,4.981783945,61.87890244,0
Dominican Republic,DOM,1978,5559298,4.7744,2.140684707,62.26514634,0
Dominican Republic,DOM,1985,6523696,5.044579959,-2.122534999,65.27253659,0
Dominican Republic,DOM,1988,6953918,5.374300248,2.155963303,66.88856098,0
Dominican Republic,DOM,1979,5691517,5.498800128,4.531399122,62.64726829,0
Dominican Republic,DOM,1987,6809797,5.827050853,10.1173674,66.33892683,0
Dominican Republic,DOM,1986,6666429,6.12212826,3.521993233,65.79578049,0
Dominican Republic,DOM,1980,5825715,6.631000064,7.968738587,63.03568293,0
Dominican Republic,DOM,1989,7099011,6.686592727,4.400538841,67.43270732,0
Dominican Republic,DOM,1990,7245127,7.073674722,-5.45431246,67.95041463,0
Dominican Republic,DOM,1981,5962066,7.266999808,4.279867406,63.43936585,0
Dominican Republic,DOM,1982,6100385,7.964000256,1.698708696,63.86282927,0
Dominican Republic,DOM,1983,6240380,8.622000128,4.627946289,64.30807317,0
Dominican Republic,DOM,1991,7392389,9.72437902,0.944138918,68.42221951,0
Dominican Republic,DOM,1984,6381602,10.33039974,1.252895988,64.77763415,0
Dominican Republic,DOM,1992,7540421,11.27769454,10.51318199,68.83712195,0
Dominican Republic,DOM,1993,7688196,12.976408,7.222621369,69.19063415,0
Dominican Republic,DOM,1994,7834359,14.51113492,2.303256394,69.48326829,0
Dominican Republic,DOM,1995,7977966,16.35849612,5.493629296,69.7205122,0
Dominican Republic,DOM,1996,8118570,18.131813,7.13136736,69.91634146,0
Dominican Republic,DOM,1997,8256496,19.5934499,8.004274434,70.09173171,0
Dominican Republic,DOM,1998,8392534,21.171236,7.010597727,70.26365854,0
Dominican Republic,DOM,2003,9071318,21.26801275,-0.253358805,71.26085366,0
Dominican Republic,DOM,1999,8527881,21.70904119,6.715354088,70.44214634,0
Dominican Republic,DOM,2004,9207389,22.1639281,1.311958217,71.47507317,0
Dominican Republic,DOM,2000,8663421,23.99665668,5.656604886,70.63273171,0
Dominican Republic,DOM,2001,8799298,24.89490744,1.809229485,70.83743902,0
Dominican Republic,DOM,2002,8935261,26.57040272,5.788207312,71.04831707,0
Dominican Republic,DOM,2005,9343362,33.96972487,9.262750072,71.69141463,0
Dominican Republic,DOM,2006,9479269,35.96504179,10.67115485,71.90934146,0
Dominican Republic,DOM,2007,9615015,41.32070093,8.474624778,72.12931707,0
Dominican Republic,DOM,2008,9750195,45.79618839,5.255649444,72.34978049,0
Dominican Republic,DOM,2009,9884265,46.76840036,3.454054459,72.57121951,0
Dominican Republic,DOM,2010,10016797,51.74827942,7.751220866,72.79214634,0
Dominican Republic,DOM,2011,10147598,55.73725472,4.482914631,73.01304878,0
Dominican Republic,DOM,2012,10276621,59.04720216,3.887682601,73.23297561,0
Ecuador,ECU,1962,4779559,0.958598183,4.55888374,54.3544878,0
Ecuador,ECU,1961,4644682,0.979108816,1.543079322,53.7607561,0
Ecuador,ECU,1963,4919224,1.038389646,3.875658199,54.89663415,0
Ecuador,ECU,1964,5063645,1.156150862,7.811889158,55.38519512,0
Ecuador,ECU,1965,5212760,2.387048255,4.717973439,55.82470732,0
Ecuador,ECU,1966,5366554,2.429309514,-0.339525639,56.22565854,0
Ecuador,ECU,1967,5524930,2.553596092,4.621073941,56.60658537,0
Ecuador,ECU,1968,5687634,2.582180794,1.909438399,56.98553659,0
Ecuador,ECU,1971,6198787,2.754220263,6.292606196,58.2012439,0
Ecuador,ECU,1970,6024764,2.86250417,6.87192933,57.77787805,0
Ecuador,ECU,1969,5854337,3.112166848,4.66923798,57.37346341,0
Ecuador,ECU,1972,6376333,3.185987235,5.017640704,58.64104878,0
Ecuador,ECU,1973,6557257,3.891755552,13.95068213,59.0962439,0
Ecuador,ECU,1974,6741417,6.599259421,11.20850963,59.56985366,0
Ecuador,ECU,1975,6928694,7.731677257,10.972154,60.06680488,0
Ecuador,ECU,1976,7119087,9.091924305,7.397187619,60.59012195,0
Ecuador,ECU,1977,7312553,11.02634659,1.604842112,61.14080488,0
Ecuador,ECU,1978,7508899,11.92250217,5.706824945,61.71536585,0
Ecuador,ECU,1988,9650906,13.05188655,5.89046729,67.79129268,0
Ecuador,ECU,1989,9886866,13.89082871,1.005777946,68.32519512,0
Ecuador,ECU,1987,9417031,13.94543188,-0.259098708,67.23534146,0
Ecuador,ECU,1979,7707895,14.17516601,3.734048401,62.31036585,0
Ecuador,ECU,1990,10123593,15.2392781,3.679914053,68.83907317,0
Ecuador,ECU,1986,9186995,15.31414399,3.464782516,66.65936585,0
Ecuador,ECU,1984,8742761,16.91251518,2.625273268,65.44897561,0
Ecuador,ECU,1991,10360630,16.98818446,4.291342398,69.33743902,0
Ecuador,ECU,1985,8962049,17.14909459,3.935001412,66.06339024,0
Ecuador,ECU,1983,8528791,17.15248321,-0.336868771,64.82065854,0
Ecuador,ECU,1980,7909432,17.88151468,3.708682969,62.92382927,0
Ecuador,ECU,1992,10598168,18.09386448,2.114310675,69.82282927,0
Ecuador,ECU,2000,12533087,18.32738642,1.091801564,73.35685366,0
Ecuador,ECU,1993,10836327,18.93832628,1.973218079,70.2987561,0
Ecuador,ECU,1999,12286995,19.01714106,-4.739385791,72.97392683,0
Ecuador,ECU,1982,8319351,19.92985358,0.614845354,64.18595122,0
Ecuador,ECU,1981,8113200,21.81076721,5.61286412,63.55085366,0
Ecuador,ECU,1994,11075454,22.70820441,4.258250468,70.7662439,0
Ecuador,ECU,1995,11315800,22.83498518,2.252548774,71.2272439,0
Ecuador,ECU,1996,11557151,24.180151,1.731747514,71.68221951,0
Ecuador,ECU,2001,12780869,24.468324,4.0156299,73.69739024,0
Ecuador,ECU,1998,12042454,26.2143311,3.266529404,72.56056098,0
Ecuador,ECU,1997,11799289,26.6924743,4.327864764,72.12865854,0
Ecuador,ECU,2002,13030041,28.548945,4.096776659,73.99058537,0
Ecuador,ECU,2003,13279806,32.432859,2.722877337,74.239,0
Ecuador,ECU,2004,13529091,36.591661,8.211020917,74.44714634,0
Ecuador,ECU,2005,13777131,41.507085,5.291308267,74.629,0
Ecuador,ECU,2006,14023503,46.802044,4.403526434,74.80004878,0
Ecuador,ECU,2007,14268397,51.007777,2.190063972,74.97873171,0
Ecuador,ECU,2008,14512402,61.762635,6.3571306,75.1765122,0
Ecuador,ECU,2009,14756424,62.519686,0.566491592,75.39934146,0
Ecuador,ECU,2010,15001072,67.513698,2.953077302,75.64770732,0
Ecuador,ECU,2011,15246481,76.769729,7.834632369,75.91660976,0
Ecuador,ECU,2012,15492264,84.039856,5.123267676,76.19256098,0
Guatemala,GTM,1961,4253298,1.076699904,4.298518462,46.10395122,0
Guatemala,GTM,1962,4369153,1.1436,3.536501459,46.68829268,0
Guatemala,GTM,1963,4488229,1.2628,9.541043854,47.28268293,0
Guatemala,GTM,1964,4610494,1.299099904,4.632992258,47.88663415,0
Guatemala,GTM,1965,4735961,1.331399936,4.361769432,48.50860976,0
Guatemala,GTM,1966,4864495,1.390700032,5.512103896,49.16109756,0
Guatemala,GTM,1967,4996199,1.453500032,4.112175585,49.84904878,0
Guatemala,GTM,1968,5131566,1.610499968,8.766035144,50.56895122,0
Guatemala,GTM,1969,5271250,1.715399936,4.736909091,51.31031707,0
Guatemala,GTM,1970,5415616,1.904,5.707883612,52.05314634,0
Guatemala,GTM,1971,5565101,1.9848,5.58375446,52.77402439,0
Guatemala,GTM,1972,5719315,2.101299968,7.333051564,53.4524878,0
Guatemala,GTM,1973,5876798,2.569200128,6.782834416,54.07402439,0
Guatemala,GTM,1974,6035549,3.161499904,6.375029959,54.63414634,0
Guatemala,GTM,1975,6194218,3.645900032,1.949990754,55.1327561,0
Guatemala,GTM,1976,6352074,4.365300224,7.387265656,55.57882927,0
Guatemala,GTM,1977,6509758,5.480500224,7.809220681,55.9917561,0
Guatemala,GTM,1978,6668975,6.070600192,4.996689801,56.3915122,0
Guatemala,GTM,1979,6832183,6.902600192,4.713456153,56.79058537,0
Guatemala,GTM,1987,8299070,7.084399821,3.543983208,60.63309756,0
Guatemala,GTM,1986,8108903,7.23196334,0.143049591,60.09731707,0
Guatemala,GTM,1990,8890329,7.650125576,3.102563208,62.23841463,0
Guatemala,GTM,1988,8491594,7.841603176,3.89238717,61.16987805,0
Guatemala,GTM,1980,7001101,7.878700032,3.759978054,57.2014878,0
Guatemala,GTM,1989,8688240,8.410724409,3.942589436,61.70465854,0
Guatemala,GTM,1981,7176504,8.607500288,0.646858668,57.6327561,0
Guatemala,GTM,1982,7357730,8.71699968,-3.530088964,58.08595122,0
Guatemala,GTM,1983,7543343,9.050000384,-2.572091536,58.55863415,0
Guatemala,GTM,1991,9098613,9.406097461,3.658248761,62.77312195,0
Guatemala,GTM,1984,7731210,9.470000128,0.49669784,59.05382927,0
Guatemala,GTM,1985,7919874,9.721652292,-0.609338957,59.56807317,0
Guatemala,GTM,1992,9312915,10.44084229,4.838338798,63.3117561,0
Guatemala,GTM,1993,9532550,11.39994282,3.927131964,63.85639024,0
Guatemala,GTM,1994,9756398,12.98323512,4.033741494,64.40658537,0
Guatemala,GTM,1995,9983861,14.6569179,4.948547484,64.96297561,0
Guatemala,GTM,1996,10214623,15.78157995,2.957779916,65.52721951,0
Guatemala,GTM,1997,10449636,17.78865719,4.364089954,66.09590244,0
Guatemala,GTM,1999,10941913,18.31708947,3.847062231,67.21519512,0
Guatemala,GTM,2001,11478984,18.70282074,2.332544301,68.2204878,0
Guatemala,GTM,2000,11204183,19.29056657,3.6088687,67.74121951,0
Guatemala,GTM,1998,10691090,19.39367224,4.993527779,66.66156098,0
Guatemala,GTM,2002,11765738,20.77653692,3.866638363,68.64585366,0
Guatemala,GTM,2003,12062835,21.9175655,2.530837955,69.01519512,0
Guatemala,GTM,2004,12367800,23.96528031,3.152030513,69.33190244,0
Guatemala,GTM,2005,12678919,27.21123037,3.260162692,69.60897561,0
Guatemala,GTM,2006,12995374,30.23113054,5.379733928,69.86441463,0
Guatemala,GTM,2007,13317931,34.11310649,6.304072145,70.11926829,0
Guatemala,GTM,2009,13988988,37.73379109,0.526037754,70.68104878,0
Guatemala,GTM,2008,13648307,39.1362865,3.281095312,70.38914634,0
Guatemala,GTM,2010,14341576,41.3381618,2.869481449,70.99597561,0
Guatemala,GTM,2011,14706578,47.68888512,4.239654531,71.32790244,0
Guatemala,GTM,2012,15082831,50.23374919,2.959782774,71.66385366,0
Guyana,GUY,1963,607528,0.175757892,-12.2786573,58.62092683,0
Guyana,GUY,1961,575976,0.185849533,4.689524268,58.36270732,0
Guyana,GUY,1964,623794,0.194774511,11.36028244,58.74956098,0
Guyana,GUY,1962,591665,0.19494951,1.104925862,58.49180488,0
Guyana,GUY,1965,640541,0.213235288,10.54101869,58.87819512,0
Guyana,GUY,1966,657975,0.228705876,5.233273904,59.00585366,0
Guyana,GUY,1968,693051,0.22975,1.024827519,59.25870732,0
Guyana,GUY,1969,708356,0.2493,6.99438664,59.38390244,0
Guyana,GUY,1967,675811,0.250176464,4.313621878,59.13302439,0
Guyana,GUY,1970,720816,0.2678,4.255456942,59.50760976,0
Guyana,GUY,1971,729872,0.282049984,3.112850838,59.63034146,0
Guyana,GUY,1972,735896,0.28538095,-3.317670953,59.75156098,0
Guyana,GUY,1973,740041,0.307047633,1.244719366,59.87180488,0
Guyana,GUY,1991,723259,0.33670841,5.984609929,62.27502439,0
Guyana,GUY,1987,738779,0.354591836,0.899396581,61.65204878,0
Guyana,GUY,1992,723008,0.368281384,7.831446663,62.42482927,0
Guyana,GUY,1989,728382,0.379779378,-4.944413106,61.96682927,0
Guyana,GUY,1990,725043,0.396582264,-3.038084864,62.12219512,0
Guyana,GUY,1988,733057,0.413799987,-3.693533073,61.80943902,0
Guyana,GUY,1974,743984,0.433954551,7.702839939,59.99153659,0
Guyana,GUY,1984,758580,0.437631601,-5.028737863,61.19902439,0
Guyana,GUY,1993,724014,0.442273444,8.213838043,62.57117073,0
Guyana,GUY,1977,762549,0.449880013,-2.638679684,60.33970732,0
Guyana,GUY,1985,751720,0.453488352,2.399667451,61.34480488,0
Guyana,GUY,1976,755241,0.454439987,1.53691329,60.226,0
Guyana,GUY,1982,771596,0.482,-13.19013447,60.9272439,0
Guyana,GUY,1983,765512,0.489333333,-6.792386724,61.05931707,0
Guyana,GUY,1975,748877,0.49479166,8.483021517,60.10978049,0
Guyana,GUY,1986,745133,0.504651111,-0.900602221,61.49665854,0
Guyana,GUY,1978,769637,0.507079987,-1.806188773,60.45292683,0
Guyana,GUY,1979,774818,0.530439987,-1.835696235,60.56614634,0
Guyana,GUY,1994,725839,0.540874922,8.52330931,62.71456098,0
Guyana,GUY,1981,775662,0.57035713,1.4961659,60.80129268,0
Guyana,GUY,1980,776927,0.6032,1.733889721,60.68192683,0
Guyana,GUY,1995,728136,0.621626786,4.986313641,62.8525122,0
Guyana,GUY,1999,741046,0.694754984,2.969880996,63.35126829,0
Guyana,GUY,2001,747657,0.696281469,2.249999292,63.64104878,0
Guyana,GUY,1996,730865,0.705406032,7.883466693,62.983,0
Guyana,GUY,2000,744471,0.712667925,-1.376727501,63.4847561,0
Guyana,GUY,1998,737526,0.717530697,-1.708567161,63.22829268,0
Guyana,GUY,2002,750629,0.722460912,1.051000772,63.82421951,0
Guyana,GUY,2003,753612,0.741929343,-1.005255282,64.03570732,0
Guyana,GUY,1997,734059,0.749138004,6.226948398,63.10707317,0
Guyana,GUY,2004,756939,0.78591877,3.293924792,64.27331707,0
Guyana,GUY,2005,760834,0.82488055,-1.956911131,64.52917073,0
Guyana,GUY,2006,765367,1.458449058,5.129609346,64.79126829,0
Guyana,GUY,2007,770407,1.740335069,-3.640517324,65.04721951,0
Guyana,GUY,2008,775739,1.922597807,1.976647058,65.28719512,0
Guyana,GUY,2009,781055,2.025565089,3.31862417,65.50560976,0
Guyana,GUY,2010,786126,2.259288026,4.370869417,65.7024878,0
Guyana,GUY,2011,790882,2.576731667,5.437126058,65.88007317,0
Guyana,GUY,2012,795369,2.850572407,4.816458917,66.04626829,0
Honduras,HND,1961,2069085,0.3562,1.855659483,46.96387805,0
Honduras,HND,1962,2139208,0.387750016,5.764846215,47.63295122,0
Honduras,HND,1963,2211144,0.4102,3.580436586,48.289,0
Honduras,HND,1964,2282764,0.457,5.416645569,48.92797561,0
Honduras,HND,1965,2352637,0.50865,9.037129471,49.54736585,0
Honduras,HND,1966,2420234,0.549950016,5.373842106,50.14765854,0
Honduras,HND,1967,2486288,0.598099984,5.977542882,50.73739024,0
Honduras,HND,1968,2552200,0.646800016,6.598183134,51.32463415,0
Honduras,HND,1969,2620014,0.668000032,0.655438849,51.91487805,0
Honduras,HND,1970,2691309,0.723,3.626720995,52.51514634,0
Honduras,HND,1971,2766445,0.731,3.995003579,53.13295122,0
Honduras,HND,1972,2845261,0.802999968,5.76230507,53.77082927,0
Honduras,HND,1973,2928191,0.912499968,7.869852328,54.4307561,0
Honduras,HND,1974,3015607,1.0345,-1.227641614,55.1152439,0
Honduras,HND,1975,3107735,1.124,2.13068177,55.82329268,0
Honduras,HND,1976,3204880,1.347999936,10.50069295,56.55490244,0
Honduras,HND,1977,3306985,1.669499968,10.38388924,57.30304878,0
Honduras,HND,1978,3413422,1.929499968,10.00570125,58.06373171,0
Honduras,HND,1979,3523279,2.251499968,4.664420834,58.83292683,0
Honduras,HND,1980,3635862,2.566000032,0.668480713,59.61212195,0
Honduras,HND,1981,3750850,2.8195,2.533202204,60.40585366,0
Honduras,HND,1982,3868314,2.903500032,-1.391216332,61.21207317,0
Honduras,HND,1990,4903694,3.048896181,0.096880451,66.68904878,0
Honduras,HND,1991,5041781,3.06846206,3.252033799,67.14363415,0
Honduras,HND,1983,3988404,3.076999968,-0.924352392,62.02480488,0
Honduras,HND,1984,4111424,3.319,4.345691137,62.83153659,0
Honduras,HND,1992,5180884,3.419474979,5.624295763,67.57919512,0
Honduras,HND,1994,5457189,3.432356579,-1.30325709,68.43680488,0
Honduras,HND,1993,5319841,3.481990761,6.23003202,68.0087561,0
Honduras,HND,1989,4766961,3.56344832,4.325852759,66.19443902,0
Honduras,HND,1985,4237518,3.639499936,4.188233788,63.6137561,0
Honduras,HND,1986,4366493,3.808500032,0.722676795,64.35095122,0
Honduras,HND,1995,5591935,3.91105318,4.06297613,68.85787805,0
Honduras,HND,1988,4631575,3.970386396,4.609852676,65.64529268,0
Honduras,HND,1996,5723639,4.034037162,3.595249715,69.26,0
Honduras,HND,1987,4497954,4.152499968,6.031390048,65.03014634,0
Honduras,HND,1997,5852719,4.663193916,4.993718593,69.62768293,0
Honduras,HND,1998,5980152,5.202215657,2.901585402,69.95443902,0
Honduras,HND,1999,6107385,5.372543554,-1.889534884,70.2387561,0
Honduras,HND,2000,6235561,7.105541205,5.748148148,70.48414634,0
Honduras,HND,2001,6365040,7.566501476,2.723218805,70.69707317,0
Honduras,HND,2002,6495801,7.776438041,3.754348877,70.8905122,0
Honduras,HND,2003,6628171,8.140284929,4.547036046,71.07746341,0
Honduras,HND,2004,6762426,8.772167983,6.232322091,71.26790244,0
Honduras,HND,2005,6898825,9.672095584,6.050879655,71.47331707,0
Honduras,HND,2006,7037428,10.84172335,6.567082673,71.70268293,0
Honduras,HND,2007,7178436,12.27549396,6.188178317,71.9565122,0
Honduras,HND,2008,7322368,13.78972721,4.231864123,72.23434146,0
Honduras,HND,2009,7469844,14.48613741,-2.431875015,72.5342439,0
Honduras,HND,2010,7621204,15.7296449,3.731075443,72.85031707,0
Honduras,HND,2011,7776669,17.58809715,3.835755629,73.17319512,0
Honduras,HND,2012,7935846,18.4340224,3.863139114,73.49343902,0
Nicaragua,NIC,1961,1830304,0.244144237,7.400211918,47.64565854,0
Nicaragua,NIC,1962,1886504,0.269283804,11.69534898,48.29587805,0
Nicaragua,NIC,1963,1943602,0.297324163,9.943178187,48.9505122,0
Nicaragua,NIC,1964,2002244,0.347119918,11.11113587,49.60807317,0
Nicaragua,NIC,1965,2062932,0.56429002,9.00386112,50.27063415,0
Nicaragua,NIC,1966,2125773,0.607140011,3.301136398,50.94129268,0
Nicaragua,NIC,1967,2190718,0.657140011,6.969513825,51.61953659,0
Nicaragua,NIC,1968,2257923,0.692859985,1.342960053,52.30085366,0
Nicaragua,NIC,1969,2327542,0.750000003,6.237703907,52.97812195,0
Nicaragua,NIC,1970,2399677,0.778569939,1.353826591,53.64365854,0
Nicaragua,NIC,1971,2474312,0.828569954,3.304756499,54.28673171,0
Nicaragua,NIC,1972,2551425,0.878570045,2.220722892,54.89917073,0
Nicaragua,NIC,1990,4137788,1.009455502,-0.093064749,64.135,0
Nicaragua,NIC,1989,4045623,1.013199987,-1.697612732,63.3704878,0
Nicaragua,NIC,1973,2631065,1.092900015,6.417013974,55.47592683,0
Nicaragua,NIC,1991,4237154,1.488804124,-0.190712416,64.88409756,0
Nicaragua,NIC,1974,2713287,1.521400012,14.19242509,56.0134878,0
Nicaragua,NIC,1979,3157930,1.567599982,-26.47878886,58.12846341,0
Nicaragua,NIC,1975,2798048,1.581599959,-0.153246894,56.50892683,0
Nicaragua,NIC,1993,4450371,1.756454281,-0.391138593,66.23914634,0
Nicaragua,NIC,1992,4342319,1.7928,0.385467117,65.59141463,0
Nicaragua,NIC,1976,2885281,1.836899999,5.209454497,56.95785366,0
Nicaragua,NIC,1978,3065820,2.127699979,-7.838800375,57.75714634,0
Nicaragua,NIC,1980,3250470,2.144300006,4.611732279,58.49709756,0
Nicaragua,NIC,1977,2974713,2.226999874,8.368480533,57.37,0
Nicaragua,NIC,1982,3437017,2.454499872,-0.816361919,59.26656098,0
Nicaragua,NIC,1981,3343536,2.474700227,5.36329019,58.87312195,0
Nicaragua,NIC,1988,3959636,2.630900096,-12.44982204,62.61990244,0
Nicaragua,NIC,1985,3709708,2.683699935,-4.081851488,60.66782927,0
Nicaragua,NIC,1983,3529935,2.753100058,4.613211627,59.6894878,0
Nicaragua,NIC,1986,3794923,2.885799994,-1.017309161,61.25517073,0
Nicaragua,NIC,1984,3621067,3.117599872,-1.566093913,60.1504878,0
Nicaragua,NIC,1987,3877325,3.851200118,-0.706352941,61.91007317,0
Nicaragua,NIC,1994,4557125,3.863185116,3.337611856,66.82163415,0
Nicaragua,NIC,1995,4659458,4.140469999,5.911907914,67.3422439,0
Nicaragua,NIC,1996,4756631,4.308351905,6.344268214,67.816,0
Nicaragua,NIC,1997,4849272,4.389965591,3.966650996,68.26860976,0
Nicaragua,NIC,1998,4937320,4.635267226,3.711681424,68.72031707,0
Nicaragua,NIC,1999,5021079,4.855717872,7.035970548,69.17926829,0
Nicaragua,NIC,2000,5100920,5.10732901,4.101590156,69.64658537,0
Nicaragua,NIC,2002,5248577,5.224213019,0.753938935,70.58885366,0
Nicaragua,NIC,2003,5317878,5.322437648,2.520732925,71.04495122,0
Nicaragua,NIC,2001,5176685,5.323146568,2.960843514,70.11992683,0
Nicaragua,NIC,2004,5386299,5.795568203,5.31217049,71.48631707,0
Nicaragua,NIC,2005,5455219,6.322582497,4.282398326,71.90995122,0
Nicaragua,NIC,2006,5524927,6.786294613,4.1520692,72.31636585,0
Nicaragua,NIC,2007,5595533,7.446636655,5.028992327,72.7064878,0
Nicaragua,NIC,2009,5743329,8.156131183,-2.17859415,73.44412195,0
Nicaragua,NIC,2008,5667983,8.2543423,3.995379948,73.0822439,0
Nicaragua,NIC,2010,5822209,8.586295846,3.622666628,73.79512195,0
Nicaragua,NIC,2011,5905146,9.635568028,5.448995726,74.13470732,0
Nicaragua,NIC,2012,5991733,10.50735684,5.20455215,74.46539024,0
Panama,PAN,1961,1170499,0.463700032,10.75135777,61.39263415,0
Panama,PAN,1962,1206117,0.504800032,8.364807554,61.892,0
Panama,PAN,1963,1242856,0.559500032,8.422617044,62.37241463,0
Panama,PAN,1964,1280601,0.6008,4.530024974,62.83585366,0
Panama,PAN,1965,1319261,0.659900032,9.134399152,63.2852439,0
Panama,PAN,1966,1358763,0.719,7.519305364,63.7275122,0
Panama,PAN,1967,1399097,0.800700032,8.565880647,64.1695122,0
Panama,PAN,1968,1440312,0.8614,6.928925723,64.61721951,0
Panama,PAN,1969,1482495,0.9454,8.528428094,65.07509756,0
Panama,PAN,1970,1525683,1.016300032,6.386746379,65.54665854,0
Panama,PAN,1971,1569879,1.146700032,9.645883343,66.03592683,0
Panama,PAN,1972,1614985,1.26,4.580279867,66.539,0
Panama,PAN,1973,1660811,1.4412,5.405917513,67.04997561,0
Panama,PAN,1974,1707114,1.647100032,2.44150579,67.56441463,0
Panama,PAN,1975,1753706,1.8448,1.590829396,68.07239024,0
Panama,PAN,1976,1800516,1.959299968,1.643639439,68.56595122,0
Panama,PAN,1977,1847552,2.077400064,1.155447342,69.03714634,0
Panama,PAN,1978,1894807,2.463000064,9.739919072,69.47995122,0
Panama,PAN,1979,1942304,2.819099904,4.507880533,69.89141463,0
Panama,PAN,1980,1990062,3.8103,1.098499508,70.27097561,0
Panama,PAN,1981,2038073,4.3127,9.206809127,70.61909756,0
Panama,PAN,1982,2086331,4.7647,5.348456708,70.94273171,0
Panama,PAN,1988,2383722,4.8745,-13.37984403,72.58895122,0
Panama,PAN,1989,2434964,4.8875,1.562246858,72.82753659,0
Panama,PAN,1983,2134880,4.8919,-4.49136357,71.24887805,0
Panama,PAN,1984,2183773,5.1063,2.709473268,71.53958537,0
Panama,PAN,1990,2486776,5.3132,8.098992753,73.05958537,0
Panama,PAN,1985,2233064,5.402,4.942233633,71.81790244,0
Panama,PAN,1986,2282798,5.6137,3.567787971,72.08543902,0
Panama,PAN,1987,2333008,5.6383,-1.809055118,72.34226829,0
Panama,PAN,1991,2539140,5.8423,9.419006662,73.28460976,0
Panama,PAN,1992,2592117,6.6414,8.201680025,73.50407317,0
Panama,PAN,1993,2645922,7.2527,5.455743309,73.71682927,0
Panama,PAN,1994,2700823,7.7339,2.850147742,73.92529268,0
Panama,PAN,1995,2757004,7.9061,1.751678624,74.13026829,0
Panama,PAN,1996,2814525,9.3221,2.810584059,74.33163415,0
Panama,PAN,1997,2873288,10.084,6.460990549,74.5317561,0
Panama,PAN,1998,2933100,10.9325,7.341501753,74.729,0
Panama,PAN,1999,2993685,11.4563,3.917206421,74.92482927,0
Panama,PAN,2000,3054812,11.6205,2.715373567,75.11663415,0
Panama,PAN,2001,3116409,11.8075,0.574272925,75.30390244,0
Panama,PAN,2002,3178450,12.2724,2.228887218,75.48621951,0
Panama,PAN,2003,3240805,12.9332,4.205763358,75.66321951,0
Panama,PAN,2004,3303335,14.1793,7.52208031,75.83656098,0
Panama,PAN,2005,3365929,15.4647,7.191278857,76.00890244,0
Panama,PAN,2006,3428509,17.137,8.52776116,76.18346341,0
Panama,PAN,2007,3491034,19.7937,12.11266127,76.36385366,0
Panama,PAN,2008,3553480,23.0016,10.11741706,76.55117073,0
Panama,PAN,2009,3615846,24.1629,3.856190119,76.74646341,0
Panama,PAN,2010,3678128,26.5896,7.452241997,76.94870732,0
Panama,PAN,2011,3740282,31.3158,10.84904016,77.15680488,0
Panama,PAN,2012,3802281,36.2525,10.67102374,77.36809756,0
Paraguay,PRY,1965,2178003,0.400129691,6.167974759,64.70780488,0
Paraguay,PRY,1966,2237190,0.421700442,1.991503333,64.83573171,0
Paraguay,PRY,1967,2298083,0.451524125,9.150367204,64.96646341,0
Paraguay,PRY,1968,2360108,0.477012513,4.527073841,65.10895122,0
Paraguay,PRY,1969,2422485,0.512728946,4.701151408,65.26573171,0
Paraguay,PRY,1970,2484736,0.548758098,5.553425736,65.43339024,0
Paraguay,PRY,1971,2546729,0.609047285,5.538151939,65.6065122,0
Paraguay,PRY,1972,2608887,0.697291728,6.631297476,65.77521951,0
Paraguay,PRY,1973,2671997,0.88935706,7.302812907,65.93209756,0
Paraguay,PRY,1974,2737152,1.19961898,8.381525438,66.07614634,0
Paraguay,PRY,1975,2805232,1.351889403,6.852444715,66.20690244,0
Paraguay,PRY,1976,2876352,1.540820246,7.525949531,66.32580488,0
Paraguay,PRY,1977,2950552,1.91235334,11.4940816,66.43878049,0
Paraguay,PRY,1978,3028542,2.350329157,12.02872995,66.5497561,0
Paraguay,PRY,1985,3703512,2.966234024,4.523135678,67.29468293,0
Paraguay,PRY,1979,3111140,3.13512388,11.86214697,66.66070732,0
Paraguay,PRY,1986,3811042,3.439716399,4.964835664,67.411,0
Paraguay,PRY,1987,3919708,3.77831638,7.582304377,67.53985366,0
Paraguay,PRY,1984,3597135,4.06722242,2.816599447,67.18887805,0
Paraguay,PRY,1988,4029203,4.082625953,5.915372066,67.6832439,0
Paraguay,PRY,1980,3198848,4.094810488,11.71214594,66.77109756,0
Paraguay,PRY,1989,4139286,4.599970618,6.93520391,67.84217073,0
Paraguay,PRY,1982,3390101,5.067450002,-1.397617717,66.98378049,0
Paraguay,PRY,1981,3291955,5.21951681,9.17045885,66.87895122,0
Paraguay,PRY,1983,3492295,5.237432542,-3.042617885,67.08658537,0
Paraguay,PRY,1990,4249747,5.695201563,4.12328288,68.01260976,0
Paraguay,PRY,2002,5571371,6.32515182,-0.021404398,70.61504878,0
Paraguay,PRY,2003,5682350,6.588103956,4.320745486,70.87156098,0
Paraguay,PRY,1991,4360358,6.984367763,3.493650155,68.19104878,0
Paraguay,PRY,1992,4470934,7.157424031,1.696428011,68.37046341,0
Paraguay,PRY,1993,4581390,7.24953362,4.936359415,68.55085366,0
Paraguay,PRY,2001,5460621,7.662594857,-0.834054713,70.34690244,0
Paraguay,PRY,1994,4691695,7.870982005,5.31791766,68.7307561,0
Paraguay,PRY,2004,5793330,8.033877459,4.057418362,71.11092683,0
Paraguay,PRY,2000,5350253,8.195993191,-2.314140569,70.07670732,0
Paraguay,PRY,1999,5240321,8.392549939,-1.366079717,69.81253659,0
Paraguay,PRY,2005,5904170,8.734651354,2.133490667,71.32656098,0
Paraguay,PRY,1998,5130723,9.02456725,0.068037758,69.56146341,0
Paraguay,PRY,1995,4801834,9.062131475,6.822810304,68.91521951,0
Paraguay,PRY,1996,4911701,9.788391781,1.573785132,69.11280488,0
Paraguay,PRY,1997,5021271,9.965225678,4.242516103,69.32704878,0
Paraguay,PRY,2006,6014781,10.66201329,4.807117193,71.5134878,0
Paraguay,PRY,2007,6125285,13.83752559,5.421622872,71.67421951,0
Paraguay,PRY,2009,6347383,15.95496141,-3.965695464,71.92778049,0
Paraguay,PRY,2008,6236005,18.50476091,6.359120793,71.81180488,0
Paraguay,PRY,2010,6459721,20.02837555,13.09300152,72.02665854,0
Paraguay,PRY,2012,6687361,25.5020605,-1.21310189,72.19373171,0
Paraguay,PRY,2011,6573097,26.00796669,4.340688165,72.11346341,0
Paraguay,PRY,1961,1958047,#VALUE!,6.900285514,64.01826829,0
Paraguay,PRY,1962,2010626,#VALUE!,3.300258518,64.22690244,0
Paraguay,PRY,1963,2064802,#VALUE!,4.710291337,64.41104878,0
Paraguay,PRY,1964,2120601,#VALUE!,4.212477358,64.57021951,0
Peru,PER,1961,10218174,2.822764382,7.350052595,48.23292683,0
Peru,PER,1962,10517047,3.199617471,8.340192235,48.75278049,0
Peru,PER,1963,10826459,3.505470788,3.720546417,49.24865854,0
Peru,PER,1964,11144018,4.241381119,6.600281705,49.72804878,0
Peru,PER,1965,11468043,5.026099956,4.93924289,50.21443902,0
Peru,PER,1968,12477560,5.58397928,0.354541415,51.96919512,0
Peru,PER,1966,11797803,5.947054339,8.39487937,50.73678049,0
Peru,PER,1967,12133895,6.029751897,3.774703505,51.31853659,0
Peru,PER,1969,12830677,6.250645607,3.794652674,52.68726829,0
Peru,PER,1970,13194548,7.235141852,5.836876469,53.4537561,0
Peru,PER,1971,13569097,8.069766829,4.180886231,54.24168293,0
Peru,PER,1972,13953601,8.94573642,2.869775968,55.01758537,0
Peru,PER,1973,14347881,10.7028423,5.375670579,55.758,0
Peru,PER,1978,16451352,12.16209308,0.282736409,58.881,0
Peru,PER,1988,20875714,12.37561063,-8.7,64.53217073,0
Peru,PER,1974,14751618,13.49095494,9.250073797,56.45141463,0
Peru,PER,1977,16015737,14.23099798,0.402916601,58.29414634,0
Peru,PER,1976,15585924,15.51931914,1.960723229,57.7047561,0
Peru,PER,1979,16889710,15.54264079,5.79639682,59.47034146,0
Peru,PER,1975,15164288,16.41341881,3.401563965,57.09682927,0
Peru,PER,1986,19973258,17.97750045,10,63.49443902,0
Peru,PER,1985,19525200,18.83840048,2.8,62.95482927,0
Peru,PER,1983,18641054,19.12986651,-11.8,61.8305122,0
Peru,PER,1984,19081183,19.84551473,5.2,62.39936585,0
Peru,PER,1989,21325690,20.57664714,-11.7,65.0347561,0
Peru,PER,1980,17328542,20.66122008,3.077537419,60.06363415,0
Peru,PER,1987,20424055,23.90526727,8,64.01921951,0
Peru,PER,1982,18203502,24.81743868,-0.6,61.24970732,0
Peru,PER,1981,17766418,24.96684982,7.180586354,60.65892683,0
Peru,PER,1990,21772035,26.29437143,-5.1432425,65.53043902,0
Peru,PER,1991,22213359,34.54448251,2.165899444,66.02365854,0
Peru,PER,1993,23081735,34.8346679,4.764994555,67.0134878,0
Peru,PER,1992,22649612,36.08400814,-0.428767102,66.51736585,0
Peru,PER,1994,23511358,44.90999863,12.82163971,67.5125122,0
Peru,PER,1999,25611482,51.50951521,0.914130992,70.03009756,0
Peru,PER,2000,26000080,53.29039032,2.950592944,70.50543902,0
Peru,PER,1995,23939261,53.66694164,8.608911588,68.01543902,0
Peru,PER,2001,26372358,53.93576099,0.214894739,70.95239024,0
Peru,PER,1996,24365985,55.87610119,2.518220686,68.5237561,0
Peru,PER,1998,25206817,56.75167959,-0.657951034,69.53680488,0
Peru,PER,2002,26729909,56.77233882,5.020183183,71.36692683,0
Peru,PER,1997,24789855,59.22287929,6.864061053,69.03253659,0
Peru,PER,2003,27073334,61.34672517,4.03227906,71.74756098,0
Peru,PER,2004,27403845,69.72500997,4.976731272,72.09680488,0
Peru,PER,2005,27723281,79.38507342,6.826688658,72.41860976,0
Peru,PER,2006,28030688,92.4327578,7.740489631,72.72097561,0
Peru,PER,2007,28328410,107,8.868532666,73.01487805,0
Peru,PER,2008,28625628,130,9.762087557,73.30729268,0
Peru,PER,2009,28934303,130,0.922359485,73.60368293,0
Peru,PER,2010,29262830,158,8.791191124,73.90509756,0
Peru,PER,2011,29614887,181,6.903957371,74.21053659,0
Peru,PER,2012,29987800,204,6.330114656,74.51553659,0
Puerto Rico,PRI,1961,2399722,1.865099904,9.53977744,68.94265854,0
Puerto Rico,PRI,1962,2450322,2.088899712,7.529501206,69.14492683,0
Puerto Rico,PRI,1963,2504530,2.326999808,10.39961556,69.35497561,0
Puerto Rico,PRI,1964,2554066,2.570399744,7.110626364,69.59226829,0
Puerto Rico,PRI,1965,2594000,2.881999872,9.080426795,69.86973171,0
Puerto Rico,PRI,1966,2624995,3.169799936,7.060445771,70.18619512,0
Puerto Rico,PRI,1967,2645674,3.550000128,6.281392039,70.52453659,0
Puerto Rico,PRI,1968,2662064,3.986899968,4.750747477,70.86721951,0
Puerto Rico,PRI,1969,2684150,4.46070016,8.85460878,71.2082439,0
Puerto Rico,PRI,1970,2718000,5.034599936,8.687030878,71.54373171,0
Puerto Rico,PRI,1971,2762190,5.647,13.83721625,71.86985366,0
Puerto Rico,PRI,1972,2817256,6.329,7.388105457,72.18226829,0
Puerto Rico,PRI,1973,2878786,7.002,5.966314587,72.47804878,0
Puerto Rico,PRI,1974,2939299,7.685,0.05387931,72.75121951,0
Puerto Rico,PRI,1975,2994000,8.198,-2.53096392,72.9942439,0
Puerto Rico,PRI,1976,3043854,8.969,5.276243094,73.20056098,0
Puerto Rico,PRI,1977,3088690,9.911,6.533718184,73.369,0
Puerto Rico,PRI,1978,3129421,11.165,6.600985222,73.50385366,0
Puerto Rico,PRI,1979,3168088,12.75,6.099815157,73.61002439,0
Puerto Rico,PRI,1980,3206000,14.436,1.524390244,73.70229268,0
Puerto Rico,PRI,1981,3242552,15.956,1.072501073,73.7984878,0
Puerto Rico,PRI,1982,3277453,16.764,-3.034804754,73.90858537,0
Puerto Rico,PRI,1983,3311138,17.277,0.459619173,74.03663415,0
Puerto Rico,PRI,1984,3344190,19.163,7.320261438,74.17763415,0
Puerto Rico,PRI,1985,3377000,20.289,2.050345108,74.30868293,0
Puerto Rico,PRI,1986,3409554,21.969,8.175850408,74.40039024,0
Puerto Rico,PRI,1987,3441850,23.878,4.909893343,74.43046341,0
Puerto Rico,PRI,1988,3473898,26.178,6.520595968,74.39358537,0
Puerto Rico,PRI,1989,3505650,28.267,4.936646372,74.29895122,0
Puerto Rico,PRI,1990,3537000,30.604,3.779206523,74.16917073,0
Puerto Rico,PRI,1991,3562110,32.287,2.296766395,74.03880488,0
Puerto Rico,PRI,1992,3585176,34.63,4.564254062,73.94636585,0
Puerto Rico,PRI,1993,3615497,36.923,4.647549089,73.92087805,0
Puerto Rico,PRI,1994,3649237,39.691,4.184665227,73.97690244,0
Puerto Rico,PRI,1995,3683103,42.647,4.547810314,74.12507317,0
Puerto Rico,PRI,1996,3724655,45.341,2.317511464,74.3624878,0
Puerto Rico,PRI,1997,3759430,48.187,4.88129845,74.66663415,0
Puerto Rico,PRI,1998,3781101,54.086,5.384110309,75.01141463,0
Puerto Rico,PRI,1999,3800081,57.841,3.271028037,75.38117073,0
Puerto Rico,PRI,2000,3810605,61.702,6.314731021,76.68926829,0
Puerto Rico,PRI,2001,3818774,69.208,1.5,77.06682927,0
Puerto Rico,PRI,2002,3823701,71.624,2.170478552,77.7604878,0
Puerto Rico,PRI,2003,3826095,74.827,2.341031888,78.07121951,0
Puerto Rico,PRI,2004,3826878,79.209,1.987051662,78.17585366,0
Puerto Rico,PRI,2005,3821362,82.809,-1.987097219,78.29609756,0
Puerto Rico,PRI,2006,3805214,86.157,-1.409589426,78.41634146,0
Puerto Rico,PRI,2007,3782995,88.405,-1.162334653,78.42585366,0
Puerto Rico,PRI,2008,3760866,92.6057,-1.844269687,78.55892683,0
Puerto Rico,PRI,2009,3740410,95.3698,-1.952425142,78.00778049,0
Puerto Rico,PRI,2010,3721208,97.1473,-0.413254118,78.1822439,0
Puerto Rico,PRI,2011,3694093,98.757,-0.259708487,78.35885366,0
Puerto Rico,PRI,2012,3667084,101,0.516052341,78.53553659,0
St. Vincent and the Grenadines,VCT,1963,84167,0.013708299,-6.26535839,60.78239024,0
St. Vincent and the Grenadines,VCT,1961,82144,0.013999965,4.527295906,58.80968293,0
St. Vincent and the Grenadines,VCT,1962,83206,0.014524963,3.694271986,59.83921951,0
St. Vincent and the Grenadines,VCT,1964,85076,0.014758296,3.669727199,61.62114634,0
St. Vincent and the Grenadines,VCT,1965,85972,0.015108295,0.884954383,62.34746341,0
St. Vincent and the Grenadines,VCT,1968,88615,0.01535,6.509697862,64.00473171,0
St. Vincent and the Grenadines,VCT,1967,87736,0.015835088,-9.523815733,63.5147561,0
St. Vincent and the Grenadines,VCT,1966,86860,0.01609996,0,62.96982927,0
St. Vincent and the Grenadines,VCT,1969,89518,0.01665,2.86085627,64.44719512,0
St. Vincent and the Grenadines,VCT,1970,90457,0.01845,10.74589317,64.84253659,0
St. Vincent and the Grenadines,VCT,1971,91440,0.020051648,2.96803511,65.18314634,0
St. Vincent and the Grenadines,VCT,1972,92465,0.027585488,25.83148533,65.46897561,0
St. Vincent and the Grenadines,VCT,1973,93516,0.030165373,-11.10132143,65.70404878,0
St. Vincent and the Grenadines,VCT,1976,96639,0.032792488,10.37681363,66.27985366,0
St. Vincent and the Grenadines,VCT,1974,94572,0.032924216,-8.820610141,65.90243902,0
St. Vincent and the Grenadines,VCT,1975,95614,0.033237149,-7.608697388,66.08680488,0
St. Vincent and the Grenadines,VCT,1977,97649,0.036537036,2.83613237,66.49926829,0
St. Vincent and the Grenadines,VCT,1978,98634,0.046599999,11.90371704,66.75460976,0
St. Vincent and the Grenadines,VCT,1979,99589,0.05451111,3.352125203,67.04836585,0
St. Vincent and the Grenadines,VCT,1980,100506,0.060307406,2.02625696,67.37641463,0
St. Vincent and the Grenadines,VCT,1981,101378,0.074799999,6.129444183,67.7255122,0
St. Vincent and the Grenadines,VCT,1982,102202,0.085448147,4.79703122,68.07292683,0
St. Vincent and the Grenadines,VCT,1983,102985,0.094044443,4.399190472,68.40302439,0
St. Vincent and the Grenadines,VCT,1984,103742,0.103499992,5.89239746,68.70729268,0
St. Vincent and the Grenadines,VCT,1985,104477,0.11288148,6.116601432,68.98234146,0
St. Vincent and the Grenadines,VCT,1986,105197,0.127974066,6.662884831,69.23236585,0
St. Vincent and the Grenadines,VCT,1987,105892,0.142329621,4.539527696,69.46507317,0
St. Vincent and the Grenadines,VCT,1988,106533,0.164574077,14.6094184,69.68463415,0
St. Vincent and the Grenadines,VCT,1989,107081,0.177296293,2.492993329,69.89002439,0
St. Vincent and the Grenadines,VCT,1990,107509,0.198207404,5.045619003,70.07665854,0
St. Vincent and the Grenadines,VCT,1991,107811,0.212492583,0.615854142,70.23743902,0
St. Vincent and the Grenadines,VCT,1992,108001,0.233188879,7.523580733,70.36814634,0
St. Vincent and the Grenadines,VCT,1993,108097,0.238774064,0.157455831,70.46660976,0
St. Vincent and the Grenadines,VCT,1994,108129,0.243255557,-3.003254507,70.53626829,0
St. Vincent and the Grenadines,VCT,1995,108122,0.266481489,1.001760733,70.5775122,0
St. Vincent and the Grenadines,VCT,1996,108078,0.281518502,1.340151573,70.59178049,0
St. Vincent and the Grenadines,VCT,1997,108001,0.293070365,13.27474574,70.58765854,0
St. Vincent and the Grenadines,VCT,1998,107923,0.317851823,5.175199619,70.57631707,0
St. Vincent and the Grenadines,VCT,1999,107879,0.331866661,4.404972628,70.56939024,0
St. Vincent and the Grenadines,VCT,2000,107897,0.397447007,-0.563306441,70.58312195,0
St. Vincent and the Grenadines,VCT,2001,107989,0.431017935,1.649269815,70.63434146,0
St. Vincent and the Grenadines,VCT,2002,108150,0.46264161,6.260303121,70.72870732,0
St. Vincent and the Grenadines,VCT,2003,108353,0.482397041,7.584940725,70.8667561,0
St. Vincent and the Grenadines,VCT,2004,108562,0.522544702,4.16102162,71.04492683,0
St. Vincent and the Grenadines,VCT,2005,108749,0.551431645,2.462302718,71.25256098,0
St. Vincent and the Grenadines,VCT,2006,108908,0.611040126,7.671680587,71.47280488,0
St. Vincent and the Grenadines,VCT,2009,109249,0.672342406,-2.178821187,72.04746341,0
St. Vincent and the Grenadines,VCT,2010,109316,0.674762009,-2.785626335,72.18492683,0
St. Vincent and the Grenadines,VCT,2007,109045,0.684691915,3.392491651,71.68734146,0
St. Vincent and the Grenadines,VCT,2011,109357,0.687993793,0.143877511,72.29943902,0
St. Vincent and the Grenadines,VCT,2008,109158,0.699004421,1.390577852,71.88092683,0
St. Vincent and the Grenadines,VCT,2012,109373,0.712588889,2.285463707,72.40121951,0
Trinidad and Tobago,TTO,1961,865356,0.584964599,14.03707099,63.2537561,0
Trinidad and Tobago,TTO,1962,880019,0.619322827,2.742463346,63.76019512,0
Trinidad and Tobago,TTO,1963,892571,0.678239309,5.604597032,64.16139024,0
Trinidad and Tobago,TTO,1964,903272,0.711897539,7.630500058,64.45578049,0
Trinidad and Tobago,TTO,1966,919902,0.723739866,4.056821419,64.77017073,0
Trinidad and Tobago,TTO,1965,912419,0.736573167,0.693850366,64.6517561,0
Trinidad and Tobago,TTO,1968,931466,0.758899968,5.215148634,64.918,0
Trinidad and Tobago,TTO,1967,925918,0.761981451,2.042514186,64.84792683,0
Trinidad and Tobago,TTO,1969,937846,0.7792,2.730681275,64.99987805,0
Trinidad and Tobago,TTO,1970,945996,0.821849984,3.533636547,65.11063415,0
Trinidad and Tobago,TTO,1971,956364,0.896763389,1.040332466,65.26039024,0
Trinidad and Tobago,TTO,1972,968742,1.083392324,5.780347236,65.44280488,0
Trinidad and Tobago,TTO,1973,982594,1.308786082,1.656426182,65.64695122,0
Trinidad and Tobago,TTO,1974,997052,2.04200202,3.807602395,65.87134146,0
Trinidad and Tobago,TTO,1975,1011487,2.442667523,1.477963404,66.10490244,0
Trinidad and Tobago,TTO,1976,1025655,2.500420784,6.405148667,66.3374878,0
Trinidad and Tobago,TTO,1977,1039757,3.138666542,9.121791676,66.556,0
Trinidad and Tobago,TTO,1978,1054109,3.562333298,10.01647579,66.75185366,0
Trinidad and Tobago,TTO,1989,1213625,4.323035497,-0.826088668,67.93119512,0
Trinidad and Tobago,TTO,1988,1204890,4.496806454,-3.91825202,67.83712195,0
Trinidad and Tobago,TTO,1993,1244410,4.584646145,-1.44896999,68.26412195,0
Trinidad and Tobago,TTO,1979,1069199,4.602416457,3.599370635,66.92104878,0
Trinidad and Tobago,TTO,1986,1184053,4.7943613,-3.279245611,67.6492439,0
Trinidad and Tobago,TTO,1987,1195243,4.797750172,-4.563875325,67.74292683,0
Trinidad and Tobago,TTO,1994,1250316,4.947205982,3.562025573,68.32809756,0
Trinidad and Tobago,TTO,1990,1221904,5.06807043,1.508027636,68.02290244,0
Trinidad and Tobago,TTO,1995,1255001,5.329214155,3.954822973,68.3837561,0
Trinidad and Tobago,TTO,1991,1229906,5.362823409,2.68182039,68.11058537,0
Trinidad and Tobago,TTO,1992,1237486,5.532117353,-1.647218059,68.19163415,0
Trinidad and Tobago,TTO,1997,1260677,5.737751324,2.704464275,68.47260976,0
Trinidad and Tobago,TTO,1996,1258365,5.759537848,3.946667534,68.43082927,0
Trinidad and Tobago,TTO,1998,1262544,6.043710211,7.769167467,68.51131707,0
Trinidad and Tobago,TTO,1980,1085308,6.235874739,10.3908057,67.06268293,0
Trinidad and Tobago,TTO,1999,1264781,6.808976089,4.388590366,68.55156098,0
Trinidad and Tobago,TTO,1981,1102562,6.849166235,4.577212899,67.17987805,0
Trinidad and Tobago,TTO,1985,1170935,7.375999752,-4.119359617,67.55668293,0
Trinidad and Tobago,TTO,1984,1155701,7.756166518,-5.752570606,67.46641463,0
Trinidad and Tobago,TTO,1983,1138673,7.799749663,-9.203398386,67.37595122,0
Trinidad and Tobago,TTO,1982,1120610,7.989791256,4.035900529,67.28126829,0
Trinidad and Tobago,TTO,2000,1267980,8.154315708,6.133960779,68.59795122,0
Trinidad and Tobago,TTO,2001,1272347,8.824873156,4.094647909,68.654,0
Trinidad and Tobago,TTO,2002,1277723,9.008273516,8.013612044,68.72304878,0
Trinidad and Tobago,TTO,2003,1283868,11.23596052,14.43354266,68.80543902,0
Trinidad and Tobago,TTO,2004,1290379,12.8847123,7.9,68.90056098,0
Trinidad and Tobago,TTO,2005,1296933,16.08852669,5.764758607,69.00778049,0
Trinidad and Tobago,TTO,2006,1303478,18.46090528,13.74362489,69.12446341,0
Trinidad and Tobago,TTO,2009,1322518,19.25191676,-4.39171956,69.4824878,0
Trinidad and Tobago,TTO,2010,1328095,20.66761185,0.208573226,69.59736585,0
Trinidad and Tobago,TTO,2007,1310040,21.73538701,4.754217592,69.24402439,0
Trinidad and Tobago,TTO,2012,1337439,23.32025674,1.52224811,69.81714634,0
Trinidad and Tobago,TTO,2011,1333082,23.57785765,-1.60209824,69.70856098,0
Trinidad and Tobago,TTO,2008,1316449,28.01771015,3.391737126,69.36436585,0
Uruguay,URY,1963,2635294,1.538971682,0.170458852,68.44092683,0
Uruguay,URY,1961,2571834,1.549623556,2.493037939,68.11226829,0
Uruguay,URY,1968,2774949,1.593701209,1.888911735,68.65109756,0
Uruguay,URY,1967,2750273,1.598149807,-3.656834102,68.6455122,0
Uruguay,URY,1962,2604042,1.709221321,-1.574548874,68.29663415,0
Uruguay,URY,1966,2723055,1.808775748,3.062855952,68.63592683,0
Uruguay,URY,1965,2694714,1.889185075,1.045604038,68.60680488,0
Uruguay,URY,1964,2665561,1.974511146,2.440520778,68.54314634,0
Uruguay,URY,1969,2795223,2.004342742,5.864740629,68.66170732,0
Uruguay,URY,1970,2809981,2.137241935,2.333213408,68.68580488,0
Uruguay,URY,1972,2821645,2.189502775,-1.319569861,68.79590244,0
Uruguay,URY,1971,2818462,2.807342742,-0.251711546,68.73036585,0
Uruguay,URY,1975,2830378,3.538292267,6.096914288,69.14282927,0
Uruguay,URY,1976,2841603,3.667161241,3.935470168,69.32131707,0
Uruguay,URY,1973,2822306,3.964295673,0.27519959,68.88390244,0
Uruguay,URY,1974,2824291,4.090252474,2.89534464,68.99736585,0
Uruguay,URY,1977,2857218,4.114664911,1.455461208,69.52985366,0
Uruguay,URY,1985,3011918,4.732017873,1.466536,71.58346341,0
Uruguay,URY,1984,2992644,4.850241442,-1.142617415,71.34863415,0
Uruguay,URY,1978,2876019,4.910255623,5.373985328,69.76446341,0
Uruguay,URY,1983,2973436,5.102281489,-10.27439921,71.09617073,0
Uruguay,URY,1986,3031053,5.880112947,8.809808311,71.79858537,0
Uruguay,URY,1979,2896016,7.181180175,6.199116722,70.01860976,0
Uruguay,URY,1987,3049987,7.367494222,7.993137194,71.99756098,0
Uruguay,URY,1988,3069112,8.213515459,1.48093745,72.18490244,0
Uruguay,URY,1989,3088980,8.438951476,1.103901054,72.36419512,0
Uruguay,URY,1982,2954236,9.178802451,-9.757871452,70.83160976,0
Uruguay,URY,1990,3109941,9.298839655,0.297348369,72.53953659,0
Uruguay,URY,1980,2915735,10.16302012,5.843400922,70.28629268,0
Uruguay,URY,1981,2934985,11.04833554,1.559559808,70.55897561,0
Uruguay,URY,1991,3131936,11.20619331,3.538808495,72.71904878,0
Uruguay,URY,2003,3325411,12.04562741,0.80528392,75.29968293,0
Uruguay,URY,1992,3154657,12.87815731,7.931588405,72.90731707,0
Uruguay,URY,2002,3327500,13.6064946,-7.73200722,75.08612195,0
Uruguay,URY,2004,3323822,13.68633382,5.004160357,75.51326829,0
Uruguay,URY,1993,3177867,15.00214458,2.657546111,73.10639024,0
Uruguay,URY,2005,3325155,17.36287271,7.460132065,75.72285366,0
Uruguay,URY,1994,3201235,17.4745785,7.28134266,73.31726829,0
Uruguay,URY,1995,3224383,19.2976631,-1.447598978,73.53946341,0
Uruguay,URY,2006,3330217,19.57947915,4.098577398,75.92495122,0
Uruguay,URY,1996,3247585,20.51546583,5.57795777,73.76787805,0
Uruguay,URY,2001,3326762,20.89878842,-3.844129957,74.87260976,0
Uruguay,URY,2000,3320841,22.82325581,-1.929930632,74.66009756,0
Uruguay,URY,2007,3338384,23.41053696,6.541510849,76.11604878,0
Uruguay,URY,1997,3270549,23.96974685,8.547683221,73.99692683,0
Uruguay,URY,1999,3308884,23.98394519,-1.939212155,74.44356098,0
Uruguay,URY,1998,3291677,25.3859282,4.518890092,74.223,0
Uruguay,URY,2009,3360431,30.22940432,2.245484921,76.46117073,0
Uruguay,URY,2008,3348898,30.36614825,7.176144661,76.29512195,0
Uruguay,URY,2010,3371982,38.84622299,8.947159427,76.61621951,0
Uruguay,URY,2011,3383486,46.43469745,6.530652065,76.76426829,0
Uruguay,URY,2012,3395253,49.91972715,3.935344107,76.90782927,0
"Venezuela, RB",VEN,1961,7872644,8.923366628,3.192519348,60.1142439,0
"Venezuela, RB",VEN,1964,8785731,9.113580696,11.1293449,61.84856098,0
"Venezuela, RB",VEN,1965,9095742,9.602944668,4.162866842,62.41095122,0
"Venezuela, RB",VEN,1962,8172322,9.873397859,8.532933399,60.6974878,0
"Venezuela, RB",VEN,1966,9406598,10.09657467,1.510250222,62.96165854,0
"Venezuela, RB",VEN,1967,9719951,10.47277674,2.833869136,63.49880488,0
"Venezuela, RB",VEN,1963,8477485,10.66337551,3.900951468,61.27641463,0
"Venezuela, RB",VEN,1968,10040248,11.47090929,7.337232609,64.019,0
"Venezuela, RB",VEN,1969,10373554,11.92757068,0.706036852,64.51931707,0
"Venezuela, RB",VEN,1970,10724328,12.99311506,7.711914353,64.99587805,0
"Venezuela, RB",VEN,1971,11093065,14.47155794,1.479291059,65.4457561,0
"Venezuela, RB",VEN,1972,11478612,15.92286718,1.28280514,65.86792683,0
"Venezuela, RB",VEN,1973,11881567,19.44593286,7.109957765,66.26243902,0
"Venezuela, RB",VEN,1974,12302193,29.08709993,2.069333071,66.6282439,0
"Venezuela, RB",VEN,1975,12739894,31.41316418,2.896258132,66.96334146,0
"Venezuela, RB",VEN,1976,13196169,36.2723157,7.727739497,67.26265854,0
"Venezuela, RB",VEN,1989,19256060,42.14230374,-8.569881882,70.88509756,0
"Venezuela, RB",VEN,1977,13669054,42.33705698,6.270783552,67.52965854,0
"Venezuela, RB",VEN,1987,18275997,45.34379368,3.581650066,70.32856098,0
"Venezuela, RB",VEN,1978,14150223,46.50764023,2.346896385,67.7712439,0
"Venezuela, RB",VEN,1990,19740786,47.02750839,6.467940756,71.10773171,0
"Venezuela, RB",VEN,1991,20218813,51.73436302,9.729887941,71.2952439,0
"Venezuela, RB",VEN,1979,14628595,55.75055479,0.764355286,67.99592683,0
"Venezuela, RB",VEN,1984,16867806,55.95233908,1.442164544,69.32795122,0
"Venezuela, RB",VEN,1994,21626607,56.52990424,-2.349507884,71.73792683,0
"Venezuela, RB",VEN,1985,17322754,57.93574225,0.193300196,69.66429268,0
"Venezuela, RB",VEN,1993,21160262,58.1075553,0.275388067,71.60307317,0
"Venezuela, RB",VEN,1988,18766017,58.42840447,5.821368348,70.62436585,0
"Venezuela, RB",VEN,1992,20691641,58.47035848,6.060473269,71.45668293,0
"Venezuela, RB",VEN,1986,17793283,58.91510809,6.510344893,70.00368293,0
"Venezuela, RB",VEN,1980,15096432,67.13512286,-4.421322353,68.21917073,0
"Venezuela, RB",VEN,1996,22556838,68.25858886,-0.197837378,71.98560976,0
"Venezuela, RB",VEN,1995,22092144,74.88874218,3.951662762,71.86526829,0
"Venezuela, RB",VEN,1981,15549525,75.49882932,-0.362810861,68.45653659,0
"Venezuela, RB",VEN,1982,15990376,76.69364787,-2.071006182,68.71953659,0
"Venezuela, RB",VEN,1983,16426198,78.58650343,-3.764816992,69.01068293,0
"Venezuela, RB",VEN,2003,25797219,83.62219142,-7.75530005,72.88795122,0
"Venezuela, RB",VEN,1997,23020184,85.83738578,6.37093152,72.09995122,0
"Venezuela, RB",VEN,1998,23482700,91.33854254,0.294055161,72.21131707,0
"Venezuela, RB",VEN,2002,25333622,92.88958698,-8.855647353,72.72502439,0
"Venezuela, RB",VEN,1999,23945002,97.97413644,-5.970458146,72.32421951,0
"Venezuela, RB",VEN,2004,26261326,112,18.28660669,73.06587805,0
"Venezuela, RB",VEN,2000,24407553,117,3.686944167,72.44414634,0
"Venezuela, RB",VEN,2001,24870441,123,3.394236108,72.57707317,0
"Venezuela, RB",VEN,2005,26725897,146,10.3179138,73.25378049,0
"Venezuela, RB",VEN,2006,27190882,183,9.872149109,73.44768293,0
"Venezuela, RB",VEN,2007,27655937,230,8.753578808,73.63909756,0
"Venezuela, RB",VEN,2008,28120312,316,5.277854124,73.82502439,0
"Venezuela, RB",VEN,2011,29500625,316,4.176425359,74.33097561,0
"Venezuela, RB",VEN,2009,28583040,329,-3.202302657,74.0024878,0
"Venezuela, RB",VEN,2012,29954782,381,5.625956975,74.4875122,0
"Venezuela, RB",VEN,2010,29043283,394,-1.488791251,74.17046341,0